{
    "startpagename": "StartPage",
    "pos_x": 100,
    "pos_y": 100,
    "Bfp_filename": "D:/Zusi3/_ZusiData/Timetables/Deutschland/Ruhrtalbahn/Hagen-Kassel_Fahrplan1981_12Uhr-19Uhr.fpn",
    "Bfp_trainfilename": "D:/Zusi3/_ZusiData/Timetables/Deutschland/Ruhrtalbahn\\Hagen-Kassel_Fahrplan1981_12Uhr-19Uhr\\D843.timetable.xml",
    "TeilStreckeCheckButton": false,
    "StartStation": "Hagen_Hbf",
    "EndStation": "Kassel_Hbf",
    "TLDirection": "horizontal",
    "TLDirection_No": 0,
    "Bfp_width": 2000,
    "Bfp_height": 1000,
    "Bfp_start": 11,
    "Bfp_duration": 8,
    "TLFileType": ".trn",
    "TLFileType_No": 0,
    "Bfp_TrainMinuteSize": 7,
    "Bfp_S_LineColor": "#ff8040",
    "Bfp_S_LineWidth": 2,
    "Bfp_S_LineLabelDir": "Diagonal",
    "Bfp_S_LineLabelDir_No": 2,
    "Bfp_S_LineLabelSize": 10,
    "Bfp_ZFS_LineColor": "#d39f6b",
    "Bfp_ZFS_LineWidth": 1,
    "Bfp_ZFS_Id": "Abzw,Bk,Sbk",
    "Bfp_TH_LineColor": "#ff8040",
    "Bfp_TH_LineWidth": 2,
    "Bfp_TH_LineLabelSize": 8,
    "Bfp_TrainTypePropDefault": {
        "0": {
            "Bfp_TrainTypeColor": "#000080",
            "Bfp_TrainTypeWidth": 1,
            "Bfp_TrainTypeLabel": "Mitte",
            "Bfp_TrainTypeLabel_No": 4,
            "Bfp_TrainTypeLabelSize": 6,
            "Bfp_TrainType": "*"
        }
    },
    "Bfp_TrainTypeProp": {
        "0": {
            "Bfp_TrainType": "IC,ICE",
            "Bfp_TrainTypeColor": "#ff0000",
            "Bfp_TrainTypeWidth": 2,
            "Bfp_TrainTypeLabel": "Mitte",
            "Bfp_TrainTypeLabel_No": 4,
            "Bfp_TrainTypeLabelSize": 8
        },
        "1": {
            "Bfp_TrainType": "D,Dt",
            "Bfp_TrainTypeColor": "#ff8080",
            "Bfp_TrainTypeWidth": 2,
            "Bfp_TrainTypeLabel": "Mitte",
            "Bfp_TrainTypeLabel_No": 4,
            "Bfp_TrainTypeLabelSize": 8
        },
        "2": {
            "Bfp_TrainType": "E,N",
            "Bfp_TrainTypeColor": "#00ff00",
            "Bfp_TrainTypeWidth": 1,
            "Bfp_TrainTypeLabel": "Mitte",
            "Bfp_TrainTypeLabel_No": 4,
            "Bfp_TrainTypeLabelSize": 8
        },
        "3": {
            "Bfp_TrainType": "",
            "Bfp_TrainTypeColor": "black",
            "Bfp_TrainTypeWidth": 1,
            "Bfp_TrainTypeLabel": "Alle Segmente",
            "Bfp_TrainTypeLabel_No": 0,
            "Bfp_TrainTypeLabelSize": 8
        },
        "4": {
            "Bfp_TrainType": "",
            "Bfp_TrainTypeColor": "black",
            "Bfp_TrainTypeWidth": 1,
            "Bfp_TrainTypeLabel": "Alle Segmente",
            "Bfp_TrainTypeLabel_No": 0,
            "Bfp_TrainTypeLabelSize": 10
        },
        "5": {
            "Bfp_TrainType": "",
            "Bfp_TrainTypeColor": "black",
            "Bfp_TrainTypeWidth": 1,
            "Bfp_TrainTypeLabel": "Alle Segmente",
            "Bfp_TrainTypeLabel_No": 0,
            "Bfp_TrainTypeLabelSize": 10
        },
        "6": {
            "Bfp_TrainType": "",
            "Bfp_TrainTypeColor": "black",
            "Bfp_TrainTypeWidth": 1,
            "Bfp_TrainTypeLabel": "Alle Segmente",
            "Bfp_TrainTypeLabel_No": 0,
            "Bfp_TrainTypeLabelSize": 10
        },
        "7": {
            "Bfp_TrainType": "",
            "Bfp_TrainTypeColor": "black",
            "Bfp_TrainTypeWidth": 1,
            "Bfp_TrainTypeLabel": "Alle Segmente",
            "Bfp_TrainTypeLabel_No": 0,
            "Bfp_TrainTypeLabelSize": 10
        },
        "8": {
            "Bfp_TrainType": "",
            "Bfp_TrainTypeColor": "black",
            "Bfp_TrainTypeWidth": 1,
            "Bfp_TrainTypeLabel": "Alle Segmente",
            "Bfp_TrainTypeLabel_No": 0,
            "Bfp_TrainTypeLabelSize": 10
        },
        "9": {
            "Bfp_TrainType": "",
            "Bfp_TrainTypeColor": "black",
            "Bfp_TrainTypeWidth": 1,
            "Bfp_TrainTypeLabel": "Alle Segmente",
            "Bfp_TrainTypeLabel_No": 0,
            "Bfp_TrainTypeLabelSize": 10
        },
        "10": {
            "Bfp_TrainType": "",
            "Bfp_TrainTypeColor": "black",
            "Bfp_TrainTypeWidth": 1,
            "Bfp_TrainTypeLabel": "Alle Segmente",
            "Bfp_TrainTypeLabel_No": 0,
            "Bfp_TrainTypeLabelSize": 10
        },
        "11": {
            "Bfp_TrainType": "",
            "Bfp_TrainTypeColor": "black",
            "Bfp_TrainTypeWidth": 1,
            "Bfp_TrainTypeLabel": "Alle Segmente",
            "Bfp_TrainTypeLabel_No": 0,
            "Bfp_TrainTypeLabelSize": 10
        },
        "12": {
            "Bfp_TrainType": "",
            "Bfp_TrainTypeColor": "black",
            "Bfp_TrainTypeWidth": 1,
            "Bfp_TrainTypeLabel": "Alle Segmente",
            "Bfp_TrainTypeLabel_No": 0,
            "Bfp_TrainTypeLabelSize": 10
        },
        "13": {
            "Bfp_TrainType": "",
            "Bfp_TrainTypeColor": "black",
            "Bfp_TrainTypeWidth": 1,
            "Bfp_TrainTypeLabel": "Alle Segmente",
            "Bfp_TrainTypeLabel_No": 0,
            "Bfp_TrainTypeLabelSize": 10
        },
        "14": {
            "Bfp_TrainType": "",
            "Bfp_TrainTypeColor": "black",
            "Bfp_TrainTypeWidth": 1,
            "Bfp_TrainTypeLabel": "Alle Segmente",
            "Bfp_TrainTypeLabel_No": 0,
            "Bfp_TrainTypeLabelSize": 10
        },
        "999": {
            "Bfp_TrainTypeColor": "#000080",
            "Bfp_TrainTypeWidth": 1,
            "Bfp_TrainTypeLabel": "Mitte",
            "Bfp_TrainTypeLabel_No": 4,
            "Bfp_TrainTypeLabelSize": 6,
            "Bfp_TrainType": "*"
        }
    }
}