{
    "startpagename": "StartPage",
    "pos_x": -8,
    "pos_y": -8,
    "Bfp_filename": "D:/Zusi3/_ZusiData/Timetables/Deutschland/Ruhrtalbahn/Hagen-Kassel_Fahrplan1981_12Uhr-19Uhr.fpn",
    "Bfp_trainfilename": "D:/Zusi3/_ZusiData/Timetables/Deutschland/Ruhrtalbahn\\Hagen-Kassel_Fahrplan1981_12Uhr-19Uhr\\D843.timetable.xml",
    "TeilStreckeCheckButton": false,
    "StartStation": "Schwerte",
    "EndStation": "Obervellmar",
    "TLDirection": "horizontal",
    "TLDirection_No": 0,
    "Bfp_width": 2000,
    "Bfp_height": 1000,
    "Bfp_start": 11,
    "Bfp_duration": 9,
    "TLFileType": ".timetable.xml",
    "TLFileType_No": 1,
    "Bfp_TrainMinuteSize": 7,
    "Bfp_S_LineColor": "#ff8040",
    "Bfp_S_LineWidth": 2,
    "Bfp_S_LineLabelDir": "Diagonal",
    "Bfp_S_LineLabelDir_No": 2,
    "Bfp_S_LineLabelSize": 8,
    "Bfp_TH_LineColor": "#ff8040",
    "Bfp_TH_LineWidth": 2,
    "Bfp_TH_LineLabelSize": 8,
    "Bfp_TrainTypePropDefault": {
        "0": {
            "Bfp_TrainTypeColor": "#000080",
            "Bfp_TrainTypeWidth": 1,
            "Bfp_TrainTypeLabel": "Anfang, Mitte, Ende",
            "Bfp_TrainTypeLabel_No": 1,
            "Bfp_TrainTypeLabelSize": 7,
            "Bfp_TrainType": "*"
        }
    },
    "Bfp_TrainTypeProp": {
        "0": {
            "Bfp_TrainType": "D",
            "Bfp_TrainTypeColor": "#ff0000",
            "Bfp_TrainTypeWidth": 2,
            "Bfp_TrainTypeLabel": "Anfang, Mitte, Ende",
            "Bfp_TrainTypeLabel_No": 1,
            "Bfp_TrainTypeLabelSize": 7
        },
        "1": {
            "Bfp_TrainType": "IC,ICE",
            "Bfp_TrainTypeColor": "#ff0000",
            "Bfp_TrainTypeWidth": 2,
            "Bfp_TrainTypeLabel": "Anfang, Mitte, Ende",
            "Bfp_TrainTypeLabel_No": 1,
            "Bfp_TrainTypeLabelSize": 7
        },
        "2": {
            "Bfp_TrainType": "N",
            "Bfp_TrainTypeColor": "#008000",
            "Bfp_TrainTypeWidth": 1,
            "Bfp_TrainTypeLabel": "Anfang, Mitte, Ende",
            "Bfp_TrainTypeLabel_No": 1,
            "Bfp_TrainTypeLabelSize": 7
        },
        "3": {
            "Bfp_TrainType": "E",
            "Bfp_TrainTypeColor": "#00ff00",
            "Bfp_TrainTypeWidth": 1,
            "Bfp_TrainTypeLabel": "Anfang, Mitte, Ende",
            "Bfp_TrainTypeLabel_No": 1,
            "Bfp_TrainTypeLabelSize": 7
        },
        "4": {
            "Bfp_TrainType": "",
            "Bfp_TrainTypeColor": "black",
            "Bfp_TrainTypeWidth": 1,
            "Bfp_TrainTypeLabel": "Alle Segmente",
            "Bfp_TrainTypeLabel_No": 0,
            "Bfp_TrainTypeLabelSize": 10
        },
        "5": {
            "Bfp_TrainType": "",
            "Bfp_TrainTypeColor": "black",
            "Bfp_TrainTypeWidth": 1,
            "Bfp_TrainTypeLabel": "Alle Segmente",
            "Bfp_TrainTypeLabel_No": 0,
            "Bfp_TrainTypeLabelSize": 10
        },
        "6": {
            "Bfp_TrainType": "",
            "Bfp_TrainTypeColor": "black",
            "Bfp_TrainTypeWidth": 1,
            "Bfp_TrainTypeLabel": "Alle Segmente",
            "Bfp_TrainTypeLabel_No": 0,
            "Bfp_TrainTypeLabelSize": 10
        },
        "7": {
            "Bfp_TrainType": "",
            "Bfp_TrainTypeColor": "black",
            "Bfp_TrainTypeWidth": 1,
            "Bfp_TrainTypeLabel": "Alle Segmente",
            "Bfp_TrainTypeLabel_No": 0,
            "Bfp_TrainTypeLabelSize": 10
        },
        "8": {
            "Bfp_TrainType": "",
            "Bfp_TrainTypeColor": "black",
            "Bfp_TrainTypeWidth": 1,
            "Bfp_TrainTypeLabel": "Alle Segmente",
            "Bfp_TrainTypeLabel_No": 0,
            "Bfp_TrainTypeLabelSize": 10
        },
        "9": {
            "Bfp_TrainType": "",
            "Bfp_TrainTypeColor": "black",
            "Bfp_TrainTypeWidth": 1,
            "Bfp_TrainTypeLabel": "Alle Segmente",
            "Bfp_TrainTypeLabel_No": 0,
            "Bfp_TrainTypeLabelSize": 10
        },
        "10": {
            "Bfp_TrainType": "",
            "Bfp_TrainTypeColor": "black",
            "Bfp_TrainTypeWidth": 1,
            "Bfp_TrainTypeLabel": "Alle Segmente",
            "Bfp_TrainTypeLabel_No": 0,
            "Bfp_TrainTypeLabelSize": 10
        },
        "11": {
            "Bfp_TrainType": "",
            "Bfp_TrainTypeColor": "black",
            "Bfp_TrainTypeWidth": 1,
            "Bfp_TrainTypeLabel": "Alle Segmente",
            "Bfp_TrainTypeLabel_No": 0,
            "Bfp_TrainTypeLabelSize": 10
        },
        "12": {
            "Bfp_TrainType": "",
            "Bfp_TrainTypeColor": "black",
            "Bfp_TrainTypeWidth": 1,
            "Bfp_TrainTypeLabel": "Alle Segmente",
            "Bfp_TrainTypeLabel_No": 0,
            "Bfp_TrainTypeLabelSize": 10
        },
        "13": {
            "Bfp_TrainType": "",
            "Bfp_TrainTypeColor": "black",
            "Bfp_TrainTypeWidth": 1,
            "Bfp_TrainTypeLabel": "Alle Segmente",
            "Bfp_TrainTypeLabel_No": 0,
            "Bfp_TrainTypeLabelSize": 10
        },
        "14": {
            "Bfp_TrainType": "",
            "Bfp_TrainTypeColor": "black",
            "Bfp_TrainTypeWidth": 1,
            "Bfp_TrainTypeLabel": "Alle Segmente",
            "Bfp_TrainTypeLabel_No": 0,
            "Bfp_TrainTypeLabelSize": 10
        },
        "999": {
            "Bfp_TrainTypeColor": "#000080",
            "Bfp_TrainTypeWidth": 1,
            "Bfp_TrainTypeLabel": "Anfang, Mitte, Ende",
            "Bfp_TrainTypeLabel_No": 1,
            "Bfp_TrainTypeLabelSize": 7,
            "Bfp_TrainType": "*"
        }
    },
    "Bfp_ZFS_Id": "",
    "Bfp_ZFS_LineColor": "#ffc6aa",
    "Bfp_ZFS_LineWidth": 1,
    "InOutBoundTrainsShow": false,
    "InOutBoundTrainsNoOneStop": false,
    "InOutBoundTrainsNoStartStation": false,
    "InOutBoundTrainsNoEndStation": false,
    "InOutBoundTrainsShowMinutes": false,
    "Bfp_TM_LineColor": "#ffcfb9",
    "Bfp_TM_LineWidth": 1,
    "Bfp_TM_LineDistance": 15
}