{
    "Bfp_CanvasSize": {
        "ParName": "Bfp_CanvasSize",
        "Cnt": "",
        "Type": "Multipleparams",
        "Min": "",
        "Max": "",
        "Default": "",
        "Repeat": "",
        "Input Text": "Größe des Bildfahrplans",
        "Hint": "Größe des Bildfahrplans",
        "Implementation comment": "",
        "MultipleParams": [
            "Bfp_Breite",
            "Bfp_Hoehe"
        ]
    },
    "Bfp_TimeRange": {
        "ParName": "Bfp_TimeRange",
        "Cnt": "",
        "Type": "Multipleparams",
        "Min": "",
        "Max": "",
        "Default": "",
        "Repeat": "",
        "Input Text": "Bildfahrplan-\nzeitraum",
        "Hint": "Zeitraum, den der Bildfahrplan abdeckt",
        "Implementation comment": "",
        "MultipleParams": [
            "Bfp_Startzeit",
            "Bfp_Dauer"
        ]
    },
    "Bfp_Breite": {
        "ParName": "Bfp_width",
        "Cnt": "1",
        "Type": "",
        "ConfigName": "Bfp_width",
        "Min": "0",
        "Max": "9999",
        "Default": "2000",
        "Input Text": "Breite",
        "Hint": "Breite des Bildfahrplans in Pixel"
    },
    "Bfp_Hoehe": {
        "ParName": "Bfp_height",
        "Cnt": "1",
        "Type": "",
        "ConfigName": "Bfp_height",
        "Min": "0",
        "Max": "9999",
        "Default": "1000",
        "Input Text": "Höhe",
        "Hint": "Hoehe des Bildfahrplans in Pixel"
    },
    "Bfp_filename": {
        "ParName": "Bfp_filename",
        "Cnt": "1",
        "Type": "ChooseFileName",
        "ConfigName": "Bfp_filename",
        "FileTypes" : "Zusi-Master-Fahrplan, .fpn ,all files, *.*",
        "Min": "",
        "Max": "",
        "Default": "",
        "ParamDescription": "",
        "Kurzbeschreibung": "Fahrplan und Strecke festlegen",
        "ParamDescLines": "2",
        "ParamLabelWidth": "30",
        "ParamEntryWidth": "100",
        "Input Text": "ZUSI Fahrplandatei",
        "Hint": "Fahrplan festlegen\nZUSI Fahrplan auswählen.\nDurch Klicken auf den Button <ZUSI Fahrplandatei>, kann eine ZUSI Fahrplandatei ausgewählt werden. Der Name und Pfad dieser Datei wird in dem Textfeld rechts angezeigt. Das Textfeld kann auch direkt beschrieben werden."
    },
    "Bfp_Startzeit": {
        "ParName": "Bfp_Startzeit",
        "Cnt": "1",
        "Type": "",
        "ConfigName": "Bfp_start",
        "Min": "0",
        "Max": "23",
        "Default": "08",
        "Input Text": "Startstunde",
        "Hint": "Startstunde des Bildfahrplans"
    },
    "Bfp_Dauer": {
        "ParName": "Bfp_Dauer",
        "Cnt": "1",
        "Type": "",
        "ConfigName": "Bfp_duration",
        "Min": "0",
        "Max": "23",
        "Default": "08",
        "Input Text": "Zeitraum in Stunden",
        "Hint": "Zeitraum in Stunden, der im Bildfahrplans angezeigt werden sollen"
    },
    "Bfp_trainfilename": {
        "ParName": "Bfp_trainfilename",
        "Cnt": "1",
        "Type": "ChooseFileName",
        "ConfigName": "Bfp_trainfilename",
        "FileTypes" : "Zusi-Buchfahrplan, .xml ,all files, *.*",
        "Min": "",
        "Max": "",
        "Default": "",
        "ParamDescription": "Direkte Auswahl der Strecke, die im Bildfahrplan angezeigt werden soll.",
        "ParamDescLines": "2",
        "Kurzbeschreibung": "Fahrplan und Strecke festlegen",
        "ParamLabelWidth": "30",
        "ParamEntryWidth": "100",
        "Input Text": "ZUSI Buchfahrplan",
        "Hint": "ZUSI Buchfahrplandatei auswaehlen. Dieser Buchfahrplan bestimmt die Strecke und Stationen\nMit dem Button <ZUSI Buchfahrplan> kann ein Buchfahrplan direkt von der Harddisc ausgewählt werden."
    },
    "Bfp_TreeView": {
        "ParName": "Bfp_TreeView",
        "Cnt": "1",
        "Type": "Generic",
        "ConfigName": "Bfp_TreeView",
        "Min": "",
        "Max": "",
        "Default": "",
        "GenericMethod": "TreeView",
        "ParamDescription": "Definiton der Strecke, die im Bildfahrplan angezeigt werden soll.",
        "ParamDescLines": "2",
        "ParamLabelWidth": "30",
        "ParamEntryWidth": "100",
        "Input Text": "ZUSI Buchfahrplan",
        "Hint": "Definiton der Strecke, die im Bildfahrplan angezeigt werden soll.\n\nSobald ein ZUSI-Fahrplan ausgewählt wurde, werden alle Strecken, die in diesem Fahrplan genutzt werden, in der Strecken-Liste angezeigt. Die Liste entspricht der Zugauswahlliste in ZUSI. Allerdings wird für jede Strecke nur ein Beispielzug angezeigt. Hinter jedem Zugnamen werden alle Stationen aufgelistet, die auf dieser Strecke angefahren werden.\nDurch Doppelklicken, wird der Buchfahrplan für die ausgewählte Strecke, übernommen und in das Feld <ZUSI-Buchfahrplan> eingetragen.\nMit dem Button<ZUSI Buchfahrplan> kann ein Buchfahrplan auch direkt von der Harddisc ausgewählt werden."
    },
    "Bfp_TrainTypePropDefault": {
        "ParName": "Bfp_TrainTypePropDefault",
        "Cnt": "",
        "Type": "Multipleparams",
        "Min": "",
        "Max": "",
        "Default": {
            "Bfp_TrainType": "*",
            "Bfp_TrainTypeColor": "black",
            "Bfp_TrainTypeWidth": 1,
            "Bfp_TrainTypeLabel": "Alle Segmente",
            "Bfp_TrainTypeLabel_No": 0,
            "Bfp_TrainTypeLabelSize": 10,
            "Bfp_TrainTypeLineDashed": ""
            },
        "Repeat": "1",
        "ParamDescription": "Linieneigenschaften für eine, mehrere oder alle Zuggattungen festlegen",
        "ParamDescLines": "1",
        "Input Text": " ",
        "Hint": "Einstellungen für alle Zuggattungen, die nicht unten genannt sind",
        "Implementation comment": "",
        "MultipleParams": [
            "Bfp_TrainTypeAll",
            "Bfp_TrainTypeColor",
            "Bfp_TrainTypeWidth",
            "Bfp_TrainTypeLineDashed",
            "Bfp_TrainTypeLabel",
            "Bfp_TrainTypeLabelSize"
        ]
    },
    "Bfp_TrainTypeAll": {
        "ParName": "Bfp_TrainTypeAll",
        "Cnt": "1",
        "Type": "BigEntry",
        "Min": "0",
        "Max": "1000",
        "Default": "",
        "Input Text": "Alle Zuggattungen",
        "ReadOnly": "True",
        "ParamEntryWidth": "9",
        "Hint": "Einstellungen für alle Zuggattungen, die nicht unten genannt sind",
        "Implementation comment": ""
    },
    "Bfp_TrainTypeProp": {
        "ParName": "Bfp_TrainTypeProp",
        "Cnt": "",
        "Type": "Multipleparams",
        "Min": "",
        "Max": "",
        "Default": {
            "Bfp_TrainType": "",
            "Bfp_TrainTypeColor": "black",
            "Bfp_TrainTypeWidth": 1,
            "Bfp_TrainTypeLabel": "Alle Segmente",
            "Bfp_TrainTypeLabel_No": 0,
            "Bfp_TrainTypeLabelSize": 10,
            "Bfp_TrainTypeLineDashed": " "
            },
        "Repeat": "15",
        "!ParamDescription": "Linieneigenschaften für eine oder mehrere Zuggattungen festlegen. z.B. <D> oder <IC>.",
        "!ParamDescLines": "2",
        "Input Text": "Einstellungen für Zuggattungen",
        "Hint": "Einstellungen für Zuggattungen\nEs können beliebige Zuggattungsbezeichnungen angegeben werden.\nDurch Klick auf den Farb-Button kann eine Farbe ausgewählt werden.",
        "Implementation comment": "",
        "MultipleParams": [
            "Bfp_TrainType",
            "Bfp_TrainTypeColor",
            "Bfp_TrainTypeWidth",
            "Bfp_TrainTypeLineDashed",
            "Bfp_TrainTypeLabel",
            "Bfp_TrainTypeLabelSize"
        ]
    },
    "Bfp_TrainType": {
        "ParName": "Bfp_TrainType",
        "Cnt": "1",
        "Type": "BigEntry",
        "Min": "0",
        "Max": "1000",
        "Default": "",
        "Input Text": "Zuggattung(en)",
        "ParamEntryWidth": "9",
        "Hint": "Bezeichnung der Zuggattung(en), für die die Eigenschaften gelten sollen. Mehrere Zuggattungen können mit Komma getrennt angegeben werden z.B. D,Dt  ",
        "Implementation comment": ""
    },
    "Bfp_TrainTypeColor": {
        "ParName": "Bfp_TrainTypeColor",
        "Cnt": "1",
        "Type": "ChooseColor",
        "Min": "0",
        "Max": "1000",
        "Default": "black",
        "ParamEntryWidth": "9",
        "Input Text": "Farbe-Zug",
        "Hint": "Farbe, die für die Linie der Zuggattung verwendet werden soll",
        "Implementation comment": ""
    },
    "Bfp_TrainTypeWidth": {
        "ParName": "Bfp_TrainTypeWidth",
        "Cnt": "1",
        "Type": "",
        "ConfigName": "Bfp_TrainTypeWidth",
        "Min": "0",
        "Max": "20",
        "Default": "1",
        "Input Text": "Linienbreite",
        "Hint": "Breite der Linien für die Zuggattung"
    },
    "Bfp_TrainTypeLabel": {
        "ParName": "Bfp_TrainTypeLabel",
        "Cnt": "1",
        "Type": "Combo",
        "Values": [
            "Alle Segmente",
            "Anfang, Mitte, Ende",
            "Anfang , Ende",
            "Anfang",
            "Mitte",
            "Ende"
        ],
        "ValuesText": [
            "Alle Segmente",
            "Anfang, Mitte, Ende",
            "Anfang , Ende",
            "Anfang",
            "Mitte",
            "Ende"
        ],
        "ConfigName": [
            "Bfp_TrainTypeLabel",
            "Bfp_TrainTypeLabel_No"
        ],
        "Min": "0",
        "Max": "255",
        "Default": "Mitte",
        "Input Text": "Linien Beschriftung",
        "Hint": "An welchen Segmenten der Linie soll eine Beschriftung angebracht werden (an allen Segmenten, nur am ersten, nur am letzten)?"
    },
    "Bfp_TrainTypeLabelSize": {
        "ParName": "Bfp_TrainTypeLabelSize",
        "Cnt": "1",
        "Type": "",
        "ConfigName": "Bfp_TrainTypeLabelSize",
        "Min": "0",
        "Max": "20",
        "Default": "10",
        "Input Text": "Beschriftung Schriftgröße",
        "Hint": "Größe der Beschriftung in Punkt"
    },
    "Bfp_TrainTypeLineDashed": {
        "ParName": "Bfp_TrainTypeLineDashed",
        "Cnt": "1",
        "Type": "Combo",
        "Values": [
            " ",
            "-",
            ".",
            "-.",
            "no line"
        ],
        "ValuesText": [
            "—————",
            "— — — — —",
            ". . . . . .",
            "-.-.-.-.-.-",
            "Keine Linie"
        ],
        "ConfigName": [
            "Bfp_TrainTypeLineDashed",
            "Bfp_TrainTypeLineDashed_No"
        ],
        "Min": "0",
        "Max": "255",
        "Default": "",
        "ParamFontStd": "True",
        "Input Text": "Linientyp",
        "Hint": "Typ der Linie"
    },
    "Bfp_TrainMinuteSize": {
        "ParName": "Bfp_TrainMinuteSize",
        "Cnt": "1",
        "Type": "",
        "ConfigName": "Bfp_TrainMinuteSize",
        "Min": "0",
        "Max": "20",
        "Default": "10",
        "Input Text": "Ank-Abf-Minuten Schriftgröße",
        "Hint": "Größe der Minuten Beschriftung für Ankunft und Abfahrt in Punkt"
    },
    "FplRglGgl": {
        "ParName": "FplRglGgl",
        "Cnt": "1",
        "Type": "BigEntry",
        "Min": "0",
        "Max": "1000",
        "Default": "",
        "Input Text": "FplRglGgl",
        "ParamEntryWidth": "9",
        "Hint": "Liste der FplRglGgl, die angezeigt werden sollen",
        "Implementation comment": ""
    },
    "TLDirection": {
        "ParName": "TLDirection",
        "Cnt": "1",
        "Type": "Combo",
        "Values": [
            "horizontal",
            "vertical"
        ],
        "ValuesText": [
            "horizontal",
            "vertical"
        ],
        "ConfigName": [
            "TLDirection",
            "TLDirection_No"
        ],
        "Min": "0",
        "Max": "255",
        "Default": "0",
        "Input Text": "Ausrichtung der Strecke",
        "Hint": "Horizontale oder vertikale Ausrichtung der Strecke"
    },
    "TLFileType": {
        "ParName": "TLFileType",
        "Cnt": "1",
        "Type": "Combo",
        "Values": [
            ".trn",
            ".timetable.xml"
        ],
        "ValuesText": [
            ".trn",
            ".timetable.xml"
        ],
        "ConfigName": [
            "TLFileType",
            "TLFileType_No"
        ],
        "Min": "0",
        "Max": "255",
        "Default": "0",
        "Input Text": "FileType für Zugfahrplan",
        "Hint": "FileType, der für den Zugfahrplan verwendet werden soll"
    },
    "Teilstrecke": {
        "ParName": "Teilstrecke",
        "Cnt": "",
        "Type": "Multipleparams",
        "Min": "",
        "Max": "",
        "Default": "",
        "Repeat": "",
        "Input Text": "Nur Teilstrecke anzeigen",
        "Hint": "Diese Option ermöglicht es nur eine Teilstrecke anzuzeigen",
        "Implementation comment": "",
        "MultipleParams": [
            "TeilStreckeCheckButton",
            "StartStation",
            "EndStation"
        ]
    },
    "TeilStreckeCheckButton": {
        "ParName": "TeilStreckeCheckButton",
        "Cnt": "1",
        "Type": "Checkbutton",
        "ConfigName": "TeilStreckeCheckButton",
        "Min": "0",
        "Max": "255",
        "Default": "",
        "Input Text": "Nur Teilstrecke anzeigen",
        "Hint": "Diese Option ermöglicht es nur eine Teilstrecke anzuzeigen"
    },
    "EndStation": {
        "ParName": "EndStation",
        "Cnt": "1",
        "Type": "Combo",
        "Values": [
            ""
        ],
        "ValuesText": [
            ""
        ],
        "ConfigName": [
            "EndStation",
            ""
        ],
        "Min": "0",
        "Max": "255",
        "Default": "0",
        "Input Text": "Letzte Station",
        "Hint": "Gibt die letzte Station an, ab der der Bildfahrplan gezeichnet werden soll."
    },
    "StartStation": {
        "ParName": "StartStation",
        "Cnt": "1",
        "Type": "Combo",
        "Values": [
            ""
        ],
        "ValuesText": [
            ""
        ],
        "ConfigName": [
            "StartStation",
            ""
        ],
        "Min": "0",
        "Max": "255",
        "Default": "0",
        "Input Text": "1. Station",
        "Hint": "Gibt die erste Station an, ab der der Bildfahrplan gezeichnet werden soll."
    },
    "Bfp_S_LineProp": {
        "ParName": "Bfp_S_LineProp",
        "Cnt": "",
        "Type": "Multipleparams",
        "Min": "",
        "Max": "",
        "Default": "",
        "Repeat": "",
        "Input Text": "Eigenschaften Stationen",
        "Hint": "Einstellungen für die Stationslinien",
        "Implementation comment": "",
        "MultipleParams": [
            "Bfp_S_LineColor",
            "Bfp_S_LineWidth",
            "Bfp_S_LineDashed",
            "Bfp_S_LineLabelSize",
            "Bfp_S_LineLabelDir"
        ]
    },
    "Bfp_S_LineColor": {
        "ParName": "Bfp_S_LineColor",
        "Cnt": "1",
        "Type": "ChooseColor",
        "Min": "0",
        "Max": "1000",
        "Default": "black",
        "ParamEntryWidth": "9",
        "Input Text": "Farbe-Stationen",
        "Hint": "Farbe, die für die Linie verwendet werden soll",
        "Implementation comment": ""
    },
    "Bfp_S_LineWidth": {
        "ParName": "Bfp_S_LineWidth",
        "Cnt": "1",
        "Type": "",
        "ConfigName": "Bfp_S_LineWidth",
        "Min": "0",
        "Max": "20",
        "Default": "2",
        "Input Text": "Linienbreite",
        "Hint": "Breite der Linien"
    },
    "Bfp_S_LineLabelDir": {
        "ParName": "Bfp_S_LineLabelDir",
        "Cnt": "1",
        "Type": "Combo",
        "Values": [
            "Waagerecht",
            "Senkrecht",
            "Diagonal"
        ],
        "ValuesText": [
            "Waagerecht",
            "Senkrecht",
            "Diagonal"
        ],
        "ConfigName": [
            "Bfp_S_LineLabelDir",
            "Bfp_S_LineLabelDir_No"
        ],
        "Min": "0",
        "Max": "255",
        "Default": "0",
        "ParamEntryWidth": "26",
        "Input Text": "Richtung der Beschriftung",
        "Hint": "Richtung der Beschriftung"
    },
    "Bfp_S_LineLabelSize": {
        "ParName": "Bfp_S_LineLabelSize",
        "Cnt": "1",
        "Type": "",
        "ConfigName": "Bfp_S_LineLabelSize",
        "Min": "0",
        "Max": "20",
        "Default": "10",
        "Input Text": "Beschriftung Schriftgröße",
        "Hint": "Größe der Beschriftung in Punkt"
    },
    "Bfp_S_LineDashed": {
        "ParName": "Bfp_S_LineDashed",
        "Cnt": "1",
        "Type": "Combo",
        "Values": [
            " ",
            "-",
            ".",
            "-.",
            "no line"
        ],
        "ValuesText": [
            "—————",
            "— — — — —",
            ". . . . . .",
            "-.-.-.-.-.-",
            "Keine Linie"
        ],
        "ConfigName": [
            "Bfp_S_LineDashed",
            "Bfp_S_LineDashed_No"
        ],
        "Min": "0",
        "Max": "255",
        "Default": "",
        "ParamFontStd": "True",
        "Input Text": "Linientyp",
        "Hint": "Typ der Linie"
    },
    "Bfp_ZFS_LineProp": {
        "ParName": "Bfp_ZFS_LineProp",
        "Cnt": "",
        "Type": "Multipleparams",
        "Min": "",
        "Max": "",
        "Default": "",
        "Repeat": "",
        "Input Text": "Eigenschaften Zugfolgestelle",
        "Hint": "Einstellungen für die Zugfolgestellelinien",
        "Implementation comment": "",
        "MultipleParams": [
            "Bfp_ZFS_LineColor",
            "Bfp_ZFS_LineWidth",
            "Bfp_ZFS_LineDashed"
        ]
    },
    "Bfp_ZFS_LineColor": {
        "ParName": "Bfp_ZFS_LineColor",
        "Cnt": "1",
        "Type": "ChooseColor",
        "Min": "0",
        "Max": "1000",
        "Default": "black",
        "ParamEntryWidth": "9",
        "Input Text": "Farbe-ZFS",
        "Hint": "Farbe, die für die Zugfolgestellelinie verwendet werden soll",
        "Implementation comment": ""
    },
    "Bfp_ZFS_LineWidth": {
        "ParName": "Bfp_ZFS_LineWidth",
        "Cnt": "1",
        "Type": "",
        "ConfigName": "Bfp_ZFS_LineWidth",
        "Min": "0",
        "Max": "20",
        "Default": "2",
        "Input Text": "Linienbreite",
        "Hint": "Breite der Linien"
    },
    "Bfp_ZFS_Id": {
        "ParName": "Bfp_ZFS_Id",
        "Cnt": "1",
        "Type": "BigEntry",
        "Min": "0",
        "Max": "1000",
        "Default": "",
        "Input Text": "Definition der Zugfolgestellen",
        "ParamEntryWidth": "20",
        "Hint": "Liste von Bezeichnern für Zugfolgestellen z.b. Abzw,Sbk",
        "Implementation comment": ""
    },
    "Bfp_ZFS_LineDashed": {
        "ParName": "Bfp_ZFS_LineDashed",
        "Cnt": "1",
        "Type": "Combo",
        "Values": [
            " ",
            "-",
            ".",
            "-.",
            "no line"
        ],
        "ValuesText": [
            "—————",
            "— — — — —",
            ". . . . . .",
            "-.-.-.-.-.-",
            "Keine Linie"
        ],
        "ConfigName": [
            "Bfp_ZFS_LineDashed",
            "Bfp_ZFS_LineDashed_No"
        ],
        "Min": "0",
        "Max": "255",
        "Default": "",
        "ParamFontStd": "True",
        "Input Text": "Linientyp",
        "Hint": "Typ der Linie"
    },
    "Bfp_TH_LineProp": {
        "ParName": "Bfp_TH_LineProp",
        "Cnt": "",
        "Type": "Multipleparams",
        "Min": "",
        "Max": "",
        "Default": "",
        "Repeat": "",
        "Input Text": "Eigenschaften Stundenlinien",
        "Hint": "Einstellungen für die Stundenlinien",
        "Implementation comment": "",
        "MultipleParams": [
            "Bfp_TH_LineColor",
            "Bfp_TH_LineWidth",
            "Bfp_TH_LineDashed",
            "Bfp_TH_LineLabelSize"
        ]
    },
    "Bfp_TH_LineColor": {
        "ParName": "Bfp_TH_LineColor",
        "Cnt": "1",
        "Type": "ChooseColor",
        "Min": "0",
        "Max": "1000",
        "Default": "black",
        "ParamEntryWidth": "9",
        "Input Text": "Farbe-Stunden",
        "Hint": "Farbe, die für die Stundenlinie verwendet werden soll",
        "Implementation comment": ""
    },
    "Bfp_TH_LineWidth": {
        "ParName": "Bfp_TH_LineWidth",
        "Cnt": "1",
        "Type": "",
        "ConfigName": "Bfp_TH_LineWidth",
        "Min": "0",
        "Max": "20",
        "Default": "2",
        "Input Text": "Linienbreite",
        "Hint": "Breite der Linien"
    },
    "Bfp_TH_LineLabelSize": {
        "ParName": "Bfp_TH_LineLabelSize",
        "Cnt": "1",
        "Type": "",
        "ConfigName": "Bfp_TH_LineLabelSize",
        "Min": "0",
        "Max": "20",
        "Default": "8",
        "Input Text": "Beschriftung Schriftgröße",
        "Hint": "Größe der Beschriftung in Punkt"
    },    
    "Bfp_TH_LineDashed": {
        "ParName": "Bfp_TH_LineDashed",
        "Cnt": "1",
        "Type": "Combo",
        "Values": [
            " ",
            "-",
            ".",
            "-.",
            "no line"
        ],
        "ValuesText": [
            "—————",
            "— — — — —",
            ". . . . . .",
            "-.-.-.-.-.-",
            "Keine Linie"
        ],
        "ConfigName": [
            "Bfp_TH_LineDashed",
            "Bfp_TH_LineDashed_No"
        ],
        "Min": "0",
        "Max": "255",
        "Default": "",
        "ParamFontStd": "True",
        "Input Text": "Linientyp",
        "Hint": "Typ der Linie"
    },
    "Bfp_TM_LineProp": {
        "ParName": "Bfp_TM_LineProp",
        "Cnt": "",
        "Type": "Multipleparams",
        "Min": "",
        "Max": "",
        "Default": "",
        "Repeat": "",
        "Input Text": "Eigenschaften der Minutenlinien",
        "Hint": "Einstellungen für die Minutenlinien",
        "Implementation comment": "",
        "MultipleParams": [
            "Bfp_TM_LineColor",
            "Bfp_TM_LineWidth",
            "Bfp_TM_LineDashed",
            "Bfp_TM_LineDistance"
        ]
    },
    "Bfp_TM_LineColor": {
        "ParName": "Bfp_TM_LineColor",
        "Cnt": "1",
        "Type": "ChooseColor",
        "Min": "0",
        "Max": "1000",
        "Default": "black",
        "ParamEntryWidth": "9",
        "Input Text": "Farbe-Minuten",
        "Hint": "Farbe, die für die Minutenlinie verwendet werden soll",
        "Implementation comment": ""
    },
    "Bfp_TM_LineWidth": {
        "ParName": "Bfp_TM_LineWidth",
        "Cnt": "1",
        "Type": "",
        "ConfigName": "Bfp_TM_LineWidth",
        "Min": "0",
        "Max": "20",
        "Default": "2",
        "Input Text": "Linienbreite",
        "Hint": "Breite der Linien"
    },
    "Bfp_TM_LineDistance": {
        "ParName": "Bfp_TM_LineDistance",
        "Cnt": "1",
        "Type": "",
        "ConfigName": "Bfp_TM_LineDistance",
        "Min": "5",
        "Max": "30",
        "Default": "15",
        "Input Text": "Abstand in Minuten",
        "Hint": "Abstand zwischen den Minutenlinien in Minuten"
    },
    "Bfp_TM_LineDashed": {
        "ParName": "Bfp_TM_LineDashed",
        "Cnt": "1",
        "Type": "Combo",
        "Values": [
            " ",
            "-",
            ".",
            "-.",
            "no line"
        ],
        "ValuesText": [
            "—————",
            "— — — — —",
            ". . . . . .",
            "-.-.-.-.-.-",
            "Keine Linie"
        ],
        "ConfigName": [
            "Bfp_TM_LineDashed",
            "Bfp_TM_LineDashed_No"
        ],
        "Min": "0",
        "Max": "255",
        "Default": "",
        "ParamFontStd": "True",
        "Input Text": "Linientyp",
        "Hint": "Typ der Linie"
    },
    "InOutBoundTrainsProp": {
        "ParName": "InOutBoundTrainsProp",
        "Cnt": "",
        "Type": "Multipleparams",
        "Min": "",
        "Max": "",
        "Default": "",
        "Repeat": "",
        "Input Text": "Ein/aus- brechende Züge",
        "Hint": "Einstellungen für die Anzeige von ein- und ausbrechenden Zügen",
        "Implementation comment": "",
        "MultipleParams": [
            "InOutBoundTrainsShow",
            "InOutBoundTrainsNoOneStop",
            "InOutBoundTrainsNoStartStation",
            "InOutBoundTrainsNoEndStation"
        ]
    },
    "InOutBoundTrainsShow": {
        "ParName": "InOutBoundTrainsShow",
        "Cnt": "1",
        "Type": "Checkbutton",
        "ConfigName": "InOutBoundTrainsShow",
        "Min": "0",
        "Max": "255",
        "Default": "",
        "Input Text": "Anzeigen",
        "Hint": "Ein- und ausbrechenden Zügen mit Pfeil anzeigen"
    },
    "InOutBoundTrainsNoOneStop": {
        "ParName": "InOutBoundTrainsNoOneStop",
        "Cnt": "1",
        "Type": "Checkbutton",
        "ConfigName": "InOutBoundTrainsNoOneStop",
        "Min": "0",
        "Max": "255",
        "Default": "",
        "Input Text": "Keine nur kreuzenden Züge",
        "Hint": "Keine nur kreuzenden Züge anzeigen (treffen nur in einem Bahnhof auf die Strecke)"
    },
    "InOutBoundTrainsNoStartStation": {
        "ParName": "InOutBoundTrainsNoStartStation",
        "Cnt": "1",
        "Type": "Checkbutton",
        "ConfigName": "InOutBoundTrainsNoStartStation",
        "Min": "0",
        "Max": "255",
        "Default": "",
        "Input Text": "Nicht in Startstation",
        "Hint": "Keine ein- und ausbrechenden Zügen in der Startstation der Strecke anzeigen"
    },
    "InOutBoundTrainsNoEndStation": {
        "ParName": "InOutBoundTrainsNoEndStation",
        "Cnt": "1",
        "Type": "Checkbutton",
        "ConfigName": "InOutBoundTrainsNoEndStation",
        "Min": "0",
        "Max": "255",
        "Default": "",
        "Input Text": "Nicht in Endstation",
        "Hint": "Keine ein- und ausbrechenden Zügen in der Endstation der Strecke anzeigen"
    },
    "InOutBoundTrainsShowMinutes": {
        "ParName": "InOutBoundTrainsShowMinutes",
        "Cnt": "1",
        "Type": "Checkbutton",
        "ConfigName": "InOutBoundTrainsShowMinutes",
        "Hide": "True",
        "Min": "0",
        "Max": "255",
        "Default": "",
        "Input Text": "Minuten anzeigen",
        "Hint": "Die Ankufts- und Abfahrtsminuten auch bei ein- und ausbrechenden Zügen anzeigen"
    },
    "ExtraShowAlleZFS": {
        "ParName": "ExtraShowAlleZFS",
        "Cnt": "1",
        "Type": "Checkbutton",
        "ConfigName": "ExtraShowAlleZFS",
        "Hide": "",
        "Min": "0",
        "Max": "255",
        "Default": "",
        "Input Text": "Zeige alle ZFS",
        "Hint": "Alle ZFS (auch ohne Abfahrtszeiten) anzeigen"
    },
    "StationChooser": {
        "ParName": "StationChooser",
        "Cnt": "1",
        "Type": "List",
        "Values": [
            "S1",
            "S2"
        ],
        "ConfigName": "StationChooser",
        "ParamEntryWidth": "25",
        "ParamListHeight": "40",
        "Min": "0",
        "Max": "255",
        "Default": "0",
        "Input Text": "Stationsauswahl",
        "Hint": "Nur die ausgewählten Stationen werden angezeigt. Wenn weniger als 2 Stationen ausgewählt sind, werden alle angezeigt."
    },
    "Bfp_TrainLine_Distance_from_Stationline": {
        "ParName": "Bfp_TrainLine_Distance_from_Stationline",
        "Cnt": "1",
        "Type": "",
        "ConfigName": "Bfp_TrainLine_Distance_from_Stationline",
        "Min": "0",
        "Max": "10",
        "Default": "0",
        "Input Text": "Abstand von Stationslinie",
        "Hint": "Um haltende Züge besser sichtbar zu machen kann hier der Abstand der Zuglinien von der Stationslinie geändert werden"
    }
}