{
    "ConfigurationPage": {
        "Typ": "ConfigurationPage",
        "Name": "ConfigurationPage",
        "MTabName": "Ansicht-Einstellungen",
        "Title": "Ansicht-Einstellungen",
        "Button_1": "Geänderte Einstellungen übernehmen",
        "Button_2": "n",
        "Button_3": "",
        "Kurzbeschreibung": "Einstellungsparameter",
        "Ausführliche Beschreibung": "Bildfahrplan Einstellungen\n\r\n\rHier können Sie die Grundeinstellungen für das Programm an Ihre Wünsche anpassen.",
        "Params": [
            "TLDirection",
            "Bfp_CanvasSize",
            "Bfp_TimeRange",
            "Bfp_S_LineProp",
            "Bfp_ZFS_LineProp",
            "Bfp_TH_LineProp",
            "Bfp_TM_LineProp",
            "Bfp_TrainMinuteSize",
            "Bfp_TrainTypePropDefault",
            "Bfp_TrainTypeProp"
        ]
    },
    "SpecialConfigurationPage": {
        "Typ": "SpecialConfigurationPage",
        "Name": "SpecialConfigurationPage",
        "MTabName": "Experten Einstellungen",
        "Title": "Experten Einstellungen",
        "Button_1": "Geänderte Einstellungen übernehmen",
        "Button_2": "n",
        "Button_3": "",
        "Kurzbeschreibung": "Einstellungsparameter",
        "Ausführliche Beschreibung": "Bildfahrplan Einstellungen für experten - Bitte nur ändern, wenn Sie wissen, was Sie tun!\n\r\n\rHier können Sie die Einstellungen für besondere Parameter für Spezialfälle vornehmen",
        "Params": [
            "TLFileType",
            "Bfp_ZFS_Id",
            "InOutBoundTrainsProp",
            "FplRglGgl",
            "Bfp_TrainLine_Distance_from_Stationline",
            "!ExtraShowAlleZFS",
            "StationChooser"
        ]
    },
    "StartPage": {
        "Typ": "StartPage",
        "Name": "StartPage",
        "MTabName": "Start",
        "Title": "Start Seite",
        "Kurzbeschreibung": "Start Seite",
        "HelpPageURL": "https://www.hlinke.de/dokuwiki/doku.php?id=de:zusi_sw",
        "Photo": "Bildfahrplan1.png",
        "Ausführliche Beschreibung": "",
        "Content": {
            "ZUSI Bildfahrplan": "Zusi ist eine stark vorbildorientierte, PC-basierte 3D-Eisenbahnfahrsimulation, mit dem Schwerpunkt auf dem virtuellen Fahren eines Zuges. Bei Zusi gibt es komplette Fahrplanszenarien mit u.U. mehreren 100 Zügen. Der Benutzer kann sich einen der Züge aussuchen und diesen manuell fahren oder auch vom Autopiloten fahren lassen und aus Lokführersicht zusehen. Details findet man unter http://www.zusi.de.\n\nEin Bildfahrplan ist eine grafische Darstellung eines Zugfahrplans für eine Strecke mit definierten Bahnhöfen in einem bestimmten Zeitraum.\n\nDas ZUSI Bildfahrplanprogramm kann ZUSI-Fahrplanszenarien als grafischen Bildfahrplan darstellen.\n\nZur Erstellung eines Bildfahrplans geht man folgendermassen vor:\n\n1. Auf die Seite <Fahrplan und Strecke> wechseln\n2. Mit Hilfe des Buttons <ZUSI Fahrplandatei> einen ZUSI Fahrplan auswählen (Erweiterung .fpl).\n3. Um die Strecke und die Bahnhöfe zu definieren, wird ein ZUSI-Buchfahrplan verwendet. Dieser enthält für eine Strecke alle notwendigen Angaben.\n4. Der ZUSI-Buchfahrplan kann aus der Streckenliste ausgewählt werden oder direkt als ZUSI Buchfahrplan-Datei (Erweiterung .timeline.xml)\n5. Auf der Seite <Ansicht Einstellungen> kann die Grösse des Bildfahrplans in Pixel, die Ausrichtung (horizontal oder vertikal) und der Zeitraum angegeben werden. Ausserdem ist es möglich beliebigen Zuggattungen eine Linen Farbe zuzuordnen.\n6. Sind alle Angaben gemacht, kann auf der Seite <Bildfahrplan> der Bildfahrplan angezeigt werden. Je nach Komplexität des Fahrplans, kann die Anzeige etwas dauern.\n"
        }
    },
    "StationsConfigurationPage": {
        "Typ": "StationsConfigurationPage",
        "Name": "StationsConfigurationPage",
        "MTabName": "Fahrplan und Strecke",
        "Title": "Fahrplan und Strecke",
        "Button_1": "Geänderte Einstellungen übernehmen",
        "Button_2": "n",
        "Button_3": "",
        "Ausführliche Beschreibung": "Fahrplan und Strecke festlegen\n\r\n\rAuf dieser Seite kann der ZUSI Fahrplan und die Strecke ausgewähkt werden, die im den Bildfahrplan angezeigt werden soll.",
        "Kurzbeschreibung": "Fahrplan und Strecke festlegen",
        "MacroDescLines": "2",
        "Params": [
            "Bfp_filename",
            "Bfp_TreeView",
            "Bfp_trainfilename",
            "Teilstrecke"
        ]
    },
    "TimeTablePage": {
        "Typ": "TimeTablePage",
        "Name": "TimeTablePage",
        "MTabName": "Bildfahrplan",
        "Title": "Bildfahrplan",
        "Button_1": "",
        "Button_2": "",
        "Button_3": "",
        "Ausführliche Beschreibung": "",
        "Kurzbeschreibung": "",
        "MacroDescLines": "",
        "Params": [
        ]
    }
}