{
    "startpagename": "StartPage",
    "pos_x": 0,
    "pos_y": 0,
    "Bfp_filename": "D:/Zusi3/_ZusiData/Timetables/Deutschland/Ruhrtalbahn/Hagen-Kassel_Fahrplan1981_04Uhr-12Uhr.fpn",
    "Bfp_trainfilename": "D:/Zusi3/_ZusiData/Timetables/Deutschland/Ruhrtalbahn\\Hagen-Kassel_Fahrplan1981_04Uhr-12Uhr\\Dg61005.timetable.xml",
    "TeilStreckeCheckButton": false,
    "StartStation": "",
    "EndStation": "Hagen_Vorhalle",
    "TLDirection": "horizontal",
    "TLDirection_No": 0,
    "Bfp_width": 2000,
    "Bfp_height": 1000,
    "Bfp_start": 10,
    "Bfp_duration": 2,
    "Bfp_S_LineColor": "#ff8040",
    "Bfp_S_LineWidth": 2,
    "Bfp_S_LineDashed": " ",
    "Bfp_S_LineDashed_No": 0,
    "Bfp_S_LineLabelSize": 10,
    "Bfp_S_LineLabelDir": "Diagonal",
    "Bfp_S_LineLabelDir_No": 2,
    "Bfp_ZFS_LineColor": "#ff8040",
    "Bfp_ZFS_LineWidth": 1,
    "Bfp_ZFS_LineDashed": "-",
    "Bfp_ZFS_LineDashed_No": 1,
    "Bfp_TH_LineColor": "#ff8040",
    "Bfp_TH_LineWidth": 2,
    "Bfp_TH_LineDashed": " ",
    "Bfp_TH_LineDashed_No": 0,
    "Bfp_TH_LineLabelSize": 8,
    "Bfp_TM_LineColor": "#ff8040",
    "Bfp_TM_LineWidth": 1,
    "Bfp_TM_LineDashed": "-",
    "Bfp_TM_LineDashed_No": 1,
    "Bfp_TM_LineDistance": 15,
    "Bfp_TrainMinuteSize": 8,
    "Bfp_TrainTypePropDefault": {
        "0": {
            "Bfp_TrainTypeAll": "",
            "Bfp_TrainTypeColor": "#000080",
            "Bfp_TrainTypeWidth": 1,
            "Bfp_TrainTypeLineDashed": " ",
            "Bfp_TrainTypeLineDashed_No": 0,
            "Bfp_TrainTypeLabel": "Mitte",
            "Bfp_TrainTypeLabel_No": 4,
            "Bfp_TrainTypeLabelSize": 8,
            "Bfp_TrainType": "*"
        }
    },
    "Bfp_TrainTypeProp": {
        "0": {
            "Bfp_TrainType": "D,Dt",
            "Bfp_TrainTypeColor": "#ff0000",
            "Bfp_TrainTypeWidth": 2,
            "Bfp_TrainTypeLineDashed": " ",
            "Bfp_TrainTypeLineDashed_No": 0,
            "Bfp_TrainTypeLabel": "Mitte",
            "Bfp_TrainTypeLabel_No": 4,
            "Bfp_TrainTypeLabelSize": 8
        },
        "1": {
            "Bfp_TrainType": "E,N",
            "Bfp_TrainTypeColor": "#008000",
            "Bfp_TrainTypeWidth": 2,
            "Bfp_TrainTypeLineDashed": " ",
            "Bfp_TrainTypeLineDashed_No": 0,
            "Bfp_TrainTypeLabel": "Mitte",
            "Bfp_TrainTypeLabel_No": 4,
            "Bfp_TrainTypeLabelSize": 8
        },
        "2": {
            "Bfp_TrainType": "IC,ICE",
            "Bfp_TrainTypeColor": "#ff0000",
            "Bfp_TrainTypeWidth": 2,
            "Bfp_TrainTypeLineDashed": " ",
            "Bfp_TrainTypeLineDashed_No": 0,
            "Bfp_TrainTypeLabel": "Mitte",
            "Bfp_TrainTypeLabel_No": 4,
            "Bfp_TrainTypeLabelSize": 8
        },
        "3": {
            "Bfp_TrainType": "Dg",
            "Bfp_TrainTypeColor": "#0000ff",
            "Bfp_TrainTypeWidth": 1,
            "Bfp_TrainTypeLineDashed": "-",
            "Bfp_TrainTypeLineDashed_No": 1,
            "Bfp_TrainTypeLabel": "Mitte",
            "Bfp_TrainTypeLabel_No": 4,
            "Bfp_TrainTypeLabelSize": 8
        },
        "4": {
            "Bfp_TrainType": "",
            "Bfp_TrainTypeColor": "black",
            "Bfp_TrainTypeWidth": 1,
            "Bfp_TrainTypeLineDashed": "-.",
            "Bfp_TrainTypeLineDashed_No": 3,
            "Bfp_TrainTypeLabel": "Alle Segmente",
            "Bfp_TrainTypeLabel_No": 0,
            "Bfp_TrainTypeLabelSize": 10
        },
        "5": {
            "Bfp_TrainType": "",
            "Bfp_TrainTypeColor": "black",
            "Bfp_TrainTypeWidth": 1,
            "Bfp_TrainTypeLineDashed": " ",
            "Bfp_TrainTypeLineDashed_No": 0,
            "Bfp_TrainTypeLabel": "Alle Segmente",
            "Bfp_TrainTypeLabel_No": 0,
            "Bfp_TrainTypeLabelSize": 10
        },
        "6": {
            "Bfp_TrainType": "",
            "Bfp_TrainTypeColor": "black",
            "Bfp_TrainTypeWidth": 1,
            "Bfp_TrainTypeLineDashed": " ",
            "Bfp_TrainTypeLineDashed_No": 0,
            "Bfp_TrainTypeLabel": "Alle Segmente",
            "Bfp_TrainTypeLabel_No": 0,
            "Bfp_TrainTypeLabelSize": 10
        },
        "7": {
            "Bfp_TrainType": "",
            "Bfp_TrainTypeColor": "black",
            "Bfp_TrainTypeWidth": 1,
            "Bfp_TrainTypeLineDashed": " ",
            "Bfp_TrainTypeLineDashed_No": 0,
            "Bfp_TrainTypeLabel": "Alle Segmente",
            "Bfp_TrainTypeLabel_No": 0,
            "Bfp_TrainTypeLabelSize": 10
        },
        "8": {
            "Bfp_TrainType": "",
            "Bfp_TrainTypeColor": "black",
            "Bfp_TrainTypeWidth": 1,
            "Bfp_TrainTypeLineDashed": " ",
            "Bfp_TrainTypeLineDashed_No": 0,
            "Bfp_TrainTypeLabel": "Alle Segmente",
            "Bfp_TrainTypeLabel_No": 0,
            "Bfp_TrainTypeLabelSize": 10
        },
        "9": {
            "Bfp_TrainType": "",
            "Bfp_TrainTypeColor": "black",
            "Bfp_TrainTypeWidth": 1,
            "Bfp_TrainTypeLineDashed": " ",
            "Bfp_TrainTypeLineDashed_No": 0,
            "Bfp_TrainTypeLabel": "Alle Segmente",
            "Bfp_TrainTypeLabel_No": 0,
            "Bfp_TrainTypeLabelSize": 10
        },
        "10": {
            "Bfp_TrainType": "",
            "Bfp_TrainTypeColor": "black",
            "Bfp_TrainTypeWidth": 1,
            "Bfp_TrainTypeLineDashed": " ",
            "Bfp_TrainTypeLineDashed_No": 0,
            "Bfp_TrainTypeLabel": "Alle Segmente",
            "Bfp_TrainTypeLabel_No": 0,
            "Bfp_TrainTypeLabelSize": 10
        },
        "11": {
            "Bfp_TrainType": "",
            "Bfp_TrainTypeColor": "black",
            "Bfp_TrainTypeWidth": 1,
            "Bfp_TrainTypeLineDashed": " ",
            "Bfp_TrainTypeLineDashed_No": 0,
            "Bfp_TrainTypeLabel": "Alle Segmente",
            "Bfp_TrainTypeLabel_No": 0,
            "Bfp_TrainTypeLabelSize": 10
        },
        "12": {
            "Bfp_TrainType": "",
            "Bfp_TrainTypeColor": "black",
            "Bfp_TrainTypeWidth": 1,
            "Bfp_TrainTypeLineDashed": " ",
            "Bfp_TrainTypeLineDashed_No": 0,
            "Bfp_TrainTypeLabel": "Alle Segmente",
            "Bfp_TrainTypeLabel_No": 0,
            "Bfp_TrainTypeLabelSize": 10
        },
        "13": {
            "Bfp_TrainType": "",
            "Bfp_TrainTypeColor": "black",
            "Bfp_TrainTypeWidth": 1,
            "Bfp_TrainTypeLineDashed": " ",
            "Bfp_TrainTypeLineDashed_No": 0,
            "Bfp_TrainTypeLabel": "Alle Segmente",
            "Bfp_TrainTypeLabel_No": 0,
            "Bfp_TrainTypeLabelSize": 10
        },
        "14": {
            "Bfp_TrainType": "",
            "Bfp_TrainTypeColor": "black",
            "Bfp_TrainTypeWidth": 1,
            "Bfp_TrainTypeLineDashed": " ",
            "Bfp_TrainTypeLineDashed_No": 0,
            "Bfp_TrainTypeLabel": "Alle Segmente",
            "Bfp_TrainTypeLabel_No": 0,
            "Bfp_TrainTypeLabelSize": 10
        },
        "999": {
            "Bfp_TrainTypeAll": "",
            "Bfp_TrainTypeColor": "#000080",
            "Bfp_TrainTypeWidth": 1,
            "Bfp_TrainTypeLineDashed": " ",
            "Bfp_TrainTypeLineDashed_No": 0,
            "Bfp_TrainTypeLabel": "Mitte",
            "Bfp_TrainTypeLabel_No": 4,
            "Bfp_TrainTypeLabelSize": 8,
            "Bfp_TrainType": "*"
        }
    },
    "TLFileType": ".timetable.xml",
    "TLFileType_No": 1,
    "Bfp_ZFS_Id": "Sbk,Abzw,Asig,Esig",
    "InOutBoundTrainsShow": true,
    "InOutBoundTrainsNoOneStop": false,
    "InOutBoundTrainsNoStartStation": false,
    "InOutBoundTrainsNoEndStation": false,
    "FplRglGgl": "1,2",
    "StationChooser": [],
    "Bfp_TreeView": 0,
    "Teilstrecke": 0,
    "Bfp_CanvasSize": 0,
    "Bfp_TimeRange": 0,
    "Bfp_S_LineProp": 0,
    "Bfp_ZFS_LineProp": 0,
    "Bfp_TH_LineProp": 0,
    "Bfp_TM_LineProp": 0,
    "Bfp_TrainLine_Distance_from_Stationline": 0
}