{
    "Bfp_CanvasSize": {
        "ParName": "Bfp_CanvasSize",
        "Cnt": "",
        "Type": "Multipleparams",
        "Min": "",
        "Max": "",
        "Default": "",
        "Repeat": "",
        "Input Text": "Größe des Bildfahrplans",
        "Hint": "Größe des Bildfahrplans",
        "Implementation comment": "",
        "MultipleParams": [
            "Bfp_Breite",
            "Bfp_Hoehe"
        ]
    },
    "Bfp_TimeRange": {
        "ParName": "Bfp_TimeRange",
        "Cnt": "",
        "Type": "Multipleparams",
        "Min": "",
        "Max": "",
        "Default": "",
        "Repeat": "",
        "Input Text": "Bildfahrplan-\nzeitraum",
        "Hint": "Zeitraum, den der Bildfahrplan abdeckt",
        "Implementation comment": "",
        "MultipleParams": [
            "Bfp_Startzeit",
            "Bfp_Dauer"
        ]
    },
    "Bfp_Breite": {
        "ParName": "Bfp_width",
        "Cnt": "1",
        "Type": "",
        "ConfigName": "Bfp_width",
        "Min": "0",
        "Max": "9999",
        "Default": "2000",
        "Input Text": "Breite",
        "Hint": "Breite des Bildfahrplans in Pixel"
    },
    "Bfp_Hoehe": {
        "ParName": "Bfp_height",
        "Cnt": "1",
        "Type": "",
        "ConfigName": "Bfp_height",
        "Min": "0",
        "Max": "9999",
        "Default": "1000",
        "Input Text": "Höhe",
        "Hint": "Hoehe des Bildfahrplans in Pixel"
    },
    "Bfp_filename": {
        "ParName": "Bfp_filename",
        "Cnt": "1",
        "Type": "ChooseFileName",
        "ConfigName": "Bfp_filename",
        "FileTypes" : "Zusi-Master-Fahrplan, .fpn ,all files, *.*",
        "Min": "",
        "Max": "",
        "Default": "",
        "ParamDescription": "Fahrplan festlegen.",
        "Kurzbeschreibung": "Fahrplan und Strecke festlegen",
        "ParamDescLines": "2",
        "ParamLabelWidth": "30",
        "ParamEntryWidth": "100",
        "Input Text": "ZUSI Fahrplandatei",
        "Hint": "Fahrplan festlegen\n\r\n\rZUSI Fahrplan auswählen.\nDurch Klicken auf den Button <ZUSI Fahrplandatei>, kann eine ZUSI Fahrplandatei ausgewählt werden. Der Name und Pfad dieser Datei wird in dem Textfeld rechts angezeigt. Das Textfeld kann auch direkt beschrieben werden."
    },
    "Bfp_Startzeit": {
        "ParName": "Bfp_Startzeit",
        "Cnt": "1",
        "Type": "",
        "ConfigName": "Bfp_start",
        "Min": "0",
        "Max": "23",
        "Default": "08",
        "Input Text": "Startstunde",
        "Hint": "Startstunde des Bildfahrplans"
    },
    "Bfp_Dauer": {
        "ParName": "Bfp_Dauer",
        "Cnt": "1",
        "Type": "",
        "ConfigName": "Bfp_duration",
        "Min": "0",
        "Max": "23",
        "Default": "08",
        "Input Text": "Zeitraum in Stunden",
        "Hint": "Zeitraum in Stunden, der im Bildfahrplans angezeigt werden sollen"
    },
    "Bfp_trainfilename": {
        "ParName": "Bfp_trainfilename",
        "Cnt": "1",
        "Type": "ChooseFileName",
        "ConfigName": "Bfp_trainfilename",
        "FileTypes" : "Zusi-Buchfahrplan, .xml ,all files, *.*",
        "Min": "",
        "Max": "",
        "Default": "",
        "ParamDescription": "Direkte Auswahl der Strecke, die im Bildfahrplan angezeigt werden soll.",
        "ParamDescLines": "2",
        "Kurzbeschreibung": "Fahrplan und Strecke festlegen",
        "ParamLabelWidth": "30",
        "ParamEntryWidth": "100",
        "Input Text": "ZUSI Buchfahrplan",
        "Hint": "ZUSI Buchfahrplandatei auswaehlen. Dieser Buchfahrplan bestimmt die Strecke und Stationen\nMit dem Button <ZUSI Buchfahrplan> kann ein Buchfahrplan direkt von der Harddisc ausgewählt werden."
    },
    "Bfp_TreeView": {
        "ParName": "Bfp_TreeView",
        "Cnt": "1",
        "Type": "Generic",
        "ConfigName": "Bfp_TreeView",
        "Min": "",
        "Max": "",
        "Default": "",
        "GenericMethod": "TreeView",
        "ParamDescription": "Definiton der Strecke, die im Bildfahrplan angezeigt werden soll.",
        "ParamDescLines": "2",
        "ParamLabelWidth": "30",
        "ParamEntryWidth": "100",
        "Input Text": "ZUSI Buchfahrplan",
        "Hint": "Definiton der Strecke, die im Bildfahrplan angezeigt werden soll.\n\nSobald ein ZUSI-Fahrplan ausgewählt wurde, werden alle Strecken, die in diesem Fahrplan genutzt werden, in der Strecken-Liste angezeigt. Die Liste entspricht der Zugauswahlliste in ZUSI. Allerdings wird für jede Strecke nur ein Beispielzug angezeigt. Hinter jedem Zugnamen werden alle Stationen aufgelistet, die auf dieser Strecke angefahren werden.\nDurch Doppelklicken, wird der Buchfahrplan für die ausgewählte Strecke, übernommen und in das Feld <ZUSI-Buchfahrplan> eingetragen.\nMit dem Button<ZUSI Buchfahrplan> kann ein Buchfahrplan auch direkt von der Harddisc ausgewählt werden."
    },
    "Bfp_TrainTypeColors": {
        "ParName": "Bfp_TrainTypeColors",
        "Cnt": "",
        "Type": "Multipleparams",
        "Min": "",
        "Max": "",
        "Default": "",
        "Repeat": "10",
        "ParamDescription": "Linienfarben für Zuggattungen festlegen\nEs können beliebige Zuggattungsbezeichnungen angegeben werden.\nDie Zuggattung <*> bedeutet alle übrigen Züge und legt die Linienfarbe für alle nicht angegebenen Zuggattungen fest.\nDurch Klick auf den Farb-Button kann eine Farbe ausgewählt werden.",
        "ParamDescLines": "4",
        "Input Text": "Farbeinstellungen für Zuggattungen",
        "Hint": "Farbeinstellungen für Zuggattungen",
        "Implementation comment": "",
        "MultipleParams": [
            "Bfp_TrainType",
            "Bfp_TrainTypeColor"
        ]
    },
    "Bfp_TrainType": {
        "ParName": "Bfp_TrainType",
        "Cnt": "1",
        "Type": "BigEntry",
        "Min": "0",
        "Max": "1000",
        "Default": "3",
        "Input Text": "Zuggattung",
        "ParamEntryWidth": "3",
        "Hint": "Bezeichnung der Zuggattung, für die die Farbe verwendet werden soll",
        "Implementation comment": ""
    },
    "Bfp_TrainTypeColor": {
        "ParName": "Bfp_TrainTypeColor",
        "Cnt": "1",
        "Type": "ChooseColor",
        "Min": "0",
        "Max": "1000",
        "Default": "black",
        "ParamEntryWidth": "3",
        "Input Text": "Farbe",
        "Hint": "Farbe, die für die Zuggattung verwendet werden soll",
        "Implementation comment": ""
    },
    "TLDirection": {
        "ParName": "TLDirection",
        "Cnt": "1",
        "Type": "Combo",
        "Values": [
            "horizontal",
            "vertical"
        ],
        "ValuesText": [
            "horizontal",
            "vertical"
        ],
        "ConfigName": [
            "TLDirection",
            "TLDirection_No"
        ],
        "Min": "0",
        "Max": "255",
        "Default": "0",
        "Input Text": "Ausrichtung der Strecke",
        "Hint": "Horizontale oder vertikale Ausrichtung der Strecke"
    },
    "TLFileType": {
        "ParName": "TLFileType",
        "Cnt": "1",
        "Type": "Combo",
        "Values": [
            ".trn",
            ".timetable.xml"
        ],
        "ValuesText": [
            ".trn",
            ".timetable.xml"
        ],
        "ConfigName": [
            "TLFileType",
            "TLFileType_No"
        ],
        "Min": "0",
        "Max": "255",
        "Default": "0",
        "Input Text": "FileType für Zugfahrplan",
        "Hint": "FileType, der für den Zugfahrplan verwendet werden soll"
    }
}