{
    "Bfp_width": 2400,
    "Bfp_height": 1200,
    "Bfp_filename": "D:/Zusi3/_ZusiData/Timetables/Deutschland/Ruhrtalbahn/Hagen-Kassel_Fahrplan1981_04Uhr-12Uhr.fpn",
    "Bfp_trainfilename": "D:/Zusi3/_ZusiData/Timetables/Deutschland/Ruhrtalbahn\\Hagen-Kassel_Fahrplan1981_04Uhr-12Uhr\\D17441.timetable.xml",
    "pos_x": 1,
    "pos_y": 23,
    "startpage": "StartPage",
    "startpagename": "StartPage",
    "Bfp_start": 4,
    "Bfp_duration": 7,
    "Bfp_TrainTypeColors": {
        "0": {
            "Bfp_TrainType": "D",
            "Bfp_TrainTypeColor": "#ff8080"
        },
        "1": {
            "Bfp_TrainType": "E",
            "Bfp_TrainTypeColor": "#00ff00"
        },
        "2": {
            "Bfp_TrainType": "IC",
            "Bfp_TrainTypeColor": "#ff8040"
        },
        "3": {
            "Bfp_TrainType": "N",
            "Bfp_TrainTypeColor": "#004000"
        },
        "4": {
            "Bfp_TrainType": "Ng",
            "Bfp_TrainTypeColor": "#0000ff"
        },
        "5": {
            "Bfp_TrainType": "ExprE",
            "Bfp_TrainTypeColor": "#0000a0"
        },
        "6": {
            "Bfp_TrainType": "ICE",
            "Bfp_TrainTypeColor": "#ff0000"
        },
        "7": {
            "Bfp_TrainType": "*",
            "Bfp_TrainTypeColor": "#000000"
        },
        "8": {
            "Bfp_TrainType": "",
            "Bfp_TrainTypeColor": ""
        },
        "9": {
            "Bfp_TrainType": "",
            "Bfp_TrainTypeColor": ""
        }
    },
    "horizontal": "Horizontal",
    "vertical": 0,
    "TLDirection": "horizontal",
    "TLDirection_No": 0,
    "TLFileType": ".timetable.xml",
    "TLFileType_No": 1
}